algorithm,workload,n,median_ms,min_ms,max_ms,reps,extra
van Emde Boas (dense),build,4096,0.004497,0.004396,0.009093,5,bytes=4208
van Emde Boas (dense),successor,4096,5.471585,5.316296,7.095323,5,bytes=4208
van Emde Boas (sparse),build,4096,0.015090,0.012292,0.019087,5,bytes=7640
van Emde Boas (sparse),successor,4096,9.393479,8.658205,12.854902,5,bytes=7640
std::set,build,4096,0.017488,0.014389,0.022184,5,bytes=10000
std::set,successor,4096,8.208926,7.675008,8.350824,5,bytes=10000
sorted array + binary search,build,4096,0.003198,0.002698,0.006295,5,bytes=1000
sorted array + binary search,successor,4096,8.702073,8.385800,9.542772,5,bytes=1000
bitmap scan (brute force),build,4096,0.000300,0.000300,0.000699,5,bytes=512
bitmap scan (brute force),successor,4096,0.865681,0.814717,0.934431,5,bytes=512
van Emde Boas (dense),build,16384,0.105525,0.086038,0.165382,5,bytes=147624
van Emde Boas (dense),successor,16384,6.970512,6.098736,7.283288,5,bytes=147624
van Emde Boas (sparse),build,16384,0.189065,0.172676,0.289493,5,bytes=114904
van Emde Boas (sparse),successor,16384,14.011374,13.425193,14.468348,5,bytes=114904
std::set,build,16384,0.085639,0.084539,0.103326,5,bytes=39880
std::set,successor,16384,12.181784,11.734803,12.862796,5,bytes=39880
sorted array + binary search,build,16384,0.027880,0.026381,0.034076,5,bytes=3988
sorted array + binary search,successor,16384,11.461000,10.838445,11.834832,5,bytes=3988
bitmap scan (brute force),build,16384,0.001100,0.001099,0.001299,5,bytes=2048
bitmap scan (brute force),successor,16384,0.994988,0.926337,1.014074,5,bytes=2048
van Emde Boas (dense),build,65536,0.330863,0.321570,0.352348,5,bytes=294056
van Emde Boas (dense),successor,65536,9.224799,9.152452,9.919603,5,bytes=294056
van Emde Boas (sparse),build,65536,0.823710,0.770149,0.929635,5,bytes=334576
van Emde Boas (sparse),successor,65536,18.692725,16.572142,19.800932,5,bytes=334576
std::set,build,65536,0.466866,0.445282,0.506038,5,bytes=158320
std::set,successor,65536,20.762444,19.146900,26.547205,5,bytes=158320
sorted array + binary search,build,65536,0.223440,0.209750,0.261113,5,bytes=15832
sorted array + binary search,successor,65536,15.064422,14.838582,16.159437,5,bytes=15832
bitmap scan (brute force),build,65536,0.004397,0.004297,0.004597,5,bytes=8192
bitmap scan (brute force),successor,65536,1.015273,0.968607,1.464552,5,bytes=8192
van Emde Boas (dense),build,262144,1.347036,1.279185,1.712374,5,bytes=1112232
van Emde Boas (dense),successor,262144,10.172621,9.550766,12.389336,5,bytes=1112232
van Emde Boas (sparse),build,262144,4.354684,3.731929,5.470585,5,bytes=1264640
van Emde Boas (sparse),successor,262144,27.616739,23.983040,32.036877,5,bytes=1264640
std::set,build,262144,3.198611,3.019039,3.448232,5,bytes=633680
std::set,successor,262144,36.371075,33.548895,41.173939,5,bytes=633680
sorted array + binary search,build,262144,0.946523,0.918143,1.001684,5,bytes=63368
sorted array + binary search,successor,262144,17.531455,14.206135,17.754397,5,bytes=63368
bitmap scan (brute force),build,262144,0.015090,0.014889,0.015688,5,bytes=32768
bitmap scan (brute force),successor,262144,0.906951,0.874474,0.932833,5,bytes=32768
van Emde Boas (dense),build,1048576,4.534755,4.419138,4.771886,5,bytes=2222248
van Emde Boas (dense),successor,1048576,10.180216,8.286871,11.477088,5,bytes=2222248
van Emde Boas (sparse),build,1048576,16.649087,15.456940,22.024041,5,bytes=3397384
van Emde Boas (sparse),successor,1048576,32.607169,27.655412,41.149257,5,bytes=3397384
std::set,build,1048576,15.809888,14.989974,21.315348,5,bytes=2543160
std::set,successor,1048576,45.278202,40.259393,59.068435,5,bytes=2543160
sorted array + binary search,build,1048576,3.746219,3.640196,4.115555,5,bytes=254316
sorted array + binary search,successor,1048576,18.681433,17.302720,20.669911,5,bytes=254316
bitmap scan (brute force),build,1048576,0.083840,0.078344,0.132705,5,bytes=131072
bitmap scan (brute force),successor,1048576,0.991990,0.942726,1.057244,5,bytes=131072
van Emde Boas (dense),build,4194304,52.657023,34.310650,61.094685,5,bytes=8638632
van Emde Boas (dense),successor,4194304,25.724194,22.358303,40.271185,5,bytes=8638632
van Emde Boas (sparse),build,4194304,172.755289,157.547071,244.203167,5,bytes=13160912
van Emde Boas (sparse),successor,4194304,108.893684,83.879782,119.831558,5,bytes=13160912
std::set,build,4194304,419.768545,301.019612,587.601253,5,bytes=10164320
std::set,successor,4194304,205.685483,112.569988,258.645256,5,bytes=10164320
sorted array + binary search,build,4194304,18.598503,17.336865,20.418067,5,bytes=1016432
sorted array + binary search,successor,4194304,24.630625,23.002834,26.692459,5,bytes=1016432
van Emde Boas (dense),build,16777216,586.257320,349.567460,794.448270,5,bytes=17273000
van Emde Boas (dense),successor,16777216,73.708470,58.707880,74.958620,5,bytes=17273000
van Emde Boas (sparse),build,16777216,1096.393104,707.522873,1594.999500,5,bytes=31731256
van Emde Boas (sparse),successor,16777216,157.058868,116.867450,194.274504,5,bytes=31731256
std::set,build,16777216,1851.196737,1459.549556,2134.054530,5,bytes=40670120
std::set,successor,16777216,230.394222,218.397509,267.620400,5,bytes=40670120
sorted array + binary search,build,16777216,90.667442,71.933488,105.700472,5,bytes=4067012
sorted array + binary search,successor,16777216,47.390323,39.810227,51.142732,5,bytes=4067012
